City_ID,City,Country,Date,Lat,Lng,Max Temp,Humidity,Cloudiness,Wind Speed
0,Port Alfred,ZA,2022-06-12 06:18:04,-33.5906,26.891,74.17,30,49,8.99
1,Qaanaaq,GL,2022-06-12 06:15:18,77.484,-69.3632,25.12,86,100,3.56
2,Nanortalik,GL,2022-06-12 06:18:04,60.1432,-45.2371,41.0,90,100,5.5
3,Saint-Philippe,RE,2022-06-12 06:18:05,-21.3585,55.7679,74.79,77,60,15.82
4,Muzhi,RU,2022-06-12 06:18:05,65.3667,64.6667,53.37,68,67,20.58
5,Ushuaia,AR,2022-06-12 06:16:57,-54.8,-68.3,51.46,62,75,3.44
6,Yarada,IN,2022-06-12 06:18:06,17.65,83.2667,91.72,70,40,8.05
7,Busselton,AU,2022-06-12 06:18:06,-33.65,115.3333,61.47,69,63,28.66
8,Jarvakandi,EE,2022-06-12 06:18:06,58.7789,24.8258,60.94,70,6,7.09
9,Ponta Do Sol,PT,2022-06-12 06:18:07,32.6667,-17.1,70.0,69,0,1.66
10,Jamestown,US,2022-06-12 06:14:03,42.097,-79.2353,65.79,96,100,6.6
11,Bambous Virieux,MU,2022-06-12 06:18:07,-20.3428,57.7575,73.65,83,75,13.8
12,Ancud,CL,2022-06-12 06:18:07,-41.8697,-73.8203,48.22,84,100,10.42
13,Bredasdorp,ZA,2022-06-12 06:18:08,-34.5322,20.0403,57.29,36,74,2.08
14,Luis Correia,BR,2022-06-12 06:18:08,-2.8792,-41.6669,74.82,87,40,9.4
15,Laguna,US,2022-06-12 06:18:09,38.421,-121.4238,80.46,70,0,8.05
16,Paamiut,GL,2022-06-12 06:18:09,61.994,-49.6678,39.24,95,100,4.23
17,Kanodar,IN,2022-06-12 06:18:09,24.1,72.3833,93.27,48,93,7.72
18,Hobyo,SO,2022-06-12 06:18:10,5.3505,48.5268,83.26,66,99,25.05
19,East London,ZA,2022-06-12 06:18:10,-33.0153,27.9116,72.54,30,0,12.66
20,Bellavista,PE,2022-06-12 06:18:10,-7.0561,-76.5911,65.28,99,76,0.81
21,Clyde River,CA,2022-06-12 06:18:11,70.4692,-68.5914,30.43,100,100,12.66
22,Kizilskoye,RU,2022-06-12 06:18:11,52.7255,58.8937,64.87,55,52,9.95
23,Aguimes,ES,2022-06-12 06:18:11,27.9054,-15.4461,66.83,83,20,19.57
24,Cape Town,ZA,2022-06-12 06:18:12,-33.9258,18.4232,64.11,52,0,6.91
25,Kulhudhuffushi,MV,2022-06-12 06:18:12,6.6221,73.07,82.99,76,96,16.42
26,Punta Arenas,CL,2022-06-12 06:18:12,-53.15,-70.9167,48.31,76,0,14.97
27,Rio Bueno,CL,2022-06-12 06:18:13,-40.3167,-72.9667,28.54,93,100,3.67
28,Georgetown,MY,2022-06-12 06:16:08,5.4112,100.3354,85.95,79,40,8.05
29,Port Elizabeth,ZA,2022-06-12 06:18:13,-33.918,25.5701,73.69,25,0,13.8
30,Mbeya,TZ,2022-06-12 06:18:13,-8.9,33.45,59.88,74,82,5.37
31,Hermanus,ZA,2022-06-12 06:18:14,-34.4187,19.2345,57.79,51,62,6.42
32,Ankazobe,MG,2022-06-12 06:17:14,-18.3167,47.1167,59.77,68,22,15.23
33,Souillac,MU,2022-06-12 06:18:14,-20.5167,57.5167,73.78,83,75,13.8
34,Mahebourg,MU,2022-06-12 06:18:14,-20.4081,57.7,73.69,83,75,13.8
35,Upernavik,GL,2022-06-12 06:18:15,72.7868,-56.1549,25.27,88,98,14.63
36,Hithadhoo,MV,2022-06-12 06:18:15,-0.6,73.0833,83.7,72,100,11.56
37,Imbituba,BR,2022-06-12 06:17:38,-28.24,-48.6703,49.86,82,0,7.49
38,Pangnirtung,CA,2022-06-12 06:18:16,66.1451,-65.7125,30.54,98,98,1.05
39,Husavik,IS,2022-06-12 06:18:16,66.0449,-17.3389,42.53,97,100,9.28
40,Pitimbu,BR,2022-06-12 06:18:16,-7.4706,-34.8086,74.86,85,56,3.29
41,Chapais,CA,2022-06-12 06:18:17,49.7834,-74.8492,49.78,81,86,5.55
42,Kavaratti,IN,2022-06-12 06:18:17,10.5669,72.642,83.08,77,100,17.45
43,Arica,CL,2022-06-12 06:14:40,-18.475,-70.3042,61.03,77,100,4.61
44,Touros,BR,2022-06-12 06:17:05,-5.1989,-35.4608,76.06,84,70,6.4
45,Dudinka,RU,2022-06-12 06:19:18,69.4058,86.1778,74.62,26,100,11.52
46,Benguela,AO,2022-06-12 06:19:18,-12.5763,13.4055,71.28,47,0,4.7
47,Bilma,NE,2022-06-12 06:19:19,18.6853,12.9164,90.3,24,37,8.23
48,Belomorsk,RU,2022-06-12 06:19:19,64.5232,34.7668,63.68,51,81,12.71
49,Omboue,GA,2022-06-12 06:19:19,-1.5746,9.2618,75.04,90,0,2.01
50,Atar,MR,2022-06-12 06:19:19,20.5169,-13.0499,84.97,23,4,10.42
51,Ribeira Grande,PT,2022-06-12 06:19:20,38.5167,-28.7,61.2,77,40,19.57
52,Rocha,UY,2022-06-12 06:19:20,-34.4833,-54.3333,47.34,81,0,12.5
53,Alta Floresta,BR,2022-06-12 06:19:20,-9.8756,-56.0861,67.23,81,98,3.94
54,Cayenne,GF,2022-06-12 06:16:42,4.9333,-52.3333,76.08,1,98,0.0
55,Chernoyerkovskaya,RU,2022-06-12 06:19:21,45.4331,37.7686,77.76,42,37,15.73
56,Shirpur,IN,2022-06-12 06:19:21,21.35,74.8833,84.2,65,100,4.09
57,Severiano Melo,BR,2022-06-12 06:19:22,-5.7772,-37.9578,70.34,96,54,1.23
58,Port Hawkesbury,CA,2022-06-12 06:19:22,45.6169,-61.3485,57.58,88,0,4.61
59,Dikson,RU,2022-06-12 06:19:22,73.5069,80.5464,33.84,96,100,5.5
60,Bria,CF,2022-06-12 06:19:22,6.5423,21.9863,71.53,95,99,2.86
61,Sjovegan,NO,2022-06-12 06:19:23,68.8726,17.8474,51.21,97,100,2.71
62,Lebu,CL,2022-06-12 06:18:49,-37.6167,-73.65,46.35,83,99,6.82
63,Namibe,AO,2022-06-12 06:19:23,-15.1961,12.1522,68.74,49,3,7.85
64,Uporovo,RU,2022-06-12 06:19:23,56.3109,66.2693,64.53,72,54,9.66
65,Mehamn,NO,2022-06-12 06:19:24,71.0357,27.8492,58.91,91,100,17.27
66,Grand Gaube,MU,2022-06-12 06:19:24,-20.0064,57.6608,73.8,84,89,8.01
67,Gambela,ET,2022-06-12 06:16:15,8.25,34.5833,81.93,59,30,2.57
68,Saint-Joseph,RE,2022-06-12 06:19:25,-21.3667,55.6167,73.78,74,31,16.58
69,Qaqortoq,GL,2022-06-12 06:19:25,60.7167,-46.0333,45.3,77,100,6.8
70,Klaksvik,FO,2022-06-12 06:19:25,62.2266,-6.589,49.12,96,96,15.64
71,Cabedelo,BR,2022-06-12 06:17:28,-6.9811,-34.8339,74.64,86,77,3.83
72,Vardo,NO,2022-06-12 06:19:26,70.3705,31.1107,58.98,77,20,19.57
73,Quatre Cocos,MU,2022-06-12 06:19:26,-20.2078,57.7625,73.51,82,82,16.24
74,Shiraz,IR,2022-06-12 06:19:26,29.6036,52.5388,89.04,9,0,4.61
75,Tahoua,NE,2022-06-12 06:19:27,14.8888,5.2692,80.58,69,0,3.44
76,Ravar,IR,2022-06-12 06:19:28,31.2656,56.8055,88.18,18,0,7.56
77,Merrill,US,2022-06-12 06:18:41,45.1805,-89.6835,56.97,98,100,0.0
78,Huesca,ES,2022-06-12 06:19:28,42.1362,-0.4087,77.11,60,0,3.44
79,Kango,GA,2022-06-12 06:19:28,0.1943,10.0951,73.98,97,56,0.4
80,Road Town,VG,2022-06-12 06:19:29,18.4167,-64.6167,80.69,74,43,21.25
81,Krasnozerskoye,RU,2022-06-12 06:19:29,53.9828,79.2374,78.4,36,2,13.67
82,Hammerfest,NO,2022-06-12 06:19:29,70.6634,23.6821,43.25,100,75,20.71
83,Sayat,TM,2022-06-12 06:19:30,38.7839,63.8803,82.27,27,70,16.75
84,Richards Bay,ZA,2022-06-12 06:19:30,-28.783,32.0377,61.61,79,0,10.58
85,Saldanha,ZA,2022-06-12 06:19:31,-33.0117,17.9442,58.14,82,97,12.19
86,Mendeleyevo,RU,2022-06-12 06:19:31,56.0333,37.2167,67.69,64,0,11.18
87,Campos Belos,BR,2022-06-12 06:19:31,-13.0367,-46.7717,68.2,43,94,3.06
88,Coleraine,GB,2022-06-12 06:16:56,55.1333,-6.6667,51.48,85,94,15.66
89,Kortkeros,RU,2022-06-12 06:19:32,61.8106,51.5806,50.18,47,68,10.92
90,Torbay,CA,2022-06-12 06:15:21,47.6666,-52.7314,56.88,84,100,16.11
91,Luderitz,NA,2022-06-12 06:20:32,-26.6481,15.1594,60.66,60,6,8.77
92,Barranco,PA,2022-06-12 06:20:33,9.5167,-82.7,75.09,96,100,4.03
93,Kutum,SD,2022-06-12 06:20:33,14.2,24.6667,79.03,50,72,9.95
94,Arraial Do Cabo,BR,2022-06-12 06:20:33,-22.9661,-42.0278,66.16,86,100,5.84
95,Chuy,UY,2022-06-12 06:20:34,-33.6971,-53.4616,42.58,80,6,11.79
96,Santa Rosa,PH,2022-06-12 06:20:34,14.3122,121.1114,91.38,69,75,3.15
97,Saint-Pierre,RE,2022-06-12 06:20:34,-21.3393,55.4781,75.9,64,0,25.32
98,Necochea,AR,2022-06-12 06:20:35,-38.5473,-58.7368,43.0,51,1,6.29
99,Bitkine,TD,2022-06-12 06:20:35,11.9801,18.2138,84.02,51,90,6.85
100,Hofn,IS,2022-06-12 06:20:35,64.2539,-15.2082,50.58,76,100,13.13
101,Brokopondo,SR,2022-06-12 06:20:35,4.75,-55.1667,74.75,89,55,4.21
102,Iqaluit,CA,2022-06-12 06:20:36,63.7506,-68.5145,37.13,81,75,16.11
103,Coihaique,CL,2022-06-12 06:18:02,-45.5752,-72.0662,29.01,93,0,2.3
104,Khandbari,NP,2022-06-12 06:20:36,27.3747,87.2039,78.44,72,95,0.38
105,Ler,SS,2022-06-12 06:20:37,8.3018,30.1418,83.64,59,82,1.25
106,Walvis Bay,NA,2022-06-12 06:20:37,-22.9575,14.5053,67.15,37,0,14.97
107,Shu,KZ,2022-06-12 06:20:37,43.5983,73.7614,83.79,39,98,8.23
108,Machico,PT,2022-06-12 06:20:38,32.7,-16.7667,70.0,70,20,1.14
109,Petropavl,KZ,2022-06-12 06:16:27,54.8753,69.1628,71.58,46,75,13.42
110,Plettenberg Bay,ZA,2022-06-12 06:20:38,-34.0527,23.3716,73.26,27,94,21.12
111,Champa,IN,2022-06-12 06:20:39,22.05,82.65,105.67,24,64,9.17
112,Mindelo,CV,2022-06-12 06:20:39,16.8901,-24.9804,72.95,78,40,21.85
113,Kabinda,CD,2022-06-12 06:20:39,-6.1333,24.4833,71.15,53,40,5.57
114,Mahon,ES,2022-06-12 06:20:40,39.8885,4.2658,72.16,94,20,2.3
115,Shelburne,CA,2022-06-12 06:20:40,44.0787,-80.2041,56.19,96,100,10.78
116,Boljevac,RS,2022-06-12 06:20:41,43.8303,21.9531,67.71,93,57,5.3
117,Isakly,RU,2022-06-12 06:20:42,54.1333,51.5333,57.6,64,6,10.69
118,Cassilandia,BR,2022-06-12 06:20:42,-19.1133,-51.7342,56.84,61,100,4.25
119,Ostrovnoy,RU,2022-06-12 06:20:43,68.0531,39.5131,59.34,61,100,20.18
120,Shakawe,BW,2022-06-12 06:20:44,-18.3667,21.85,52.27,65,3,4.34
121,Abu Samrah,SY,2022-06-12 06:20:44,35.3029,37.1841,84.61,22,1,17.76
122,Marystown,CA,2022-06-12 06:20:45,47.1666,-55.1483,52.86,100,100,7.11
123,Comarapa,BO,2022-06-12 06:20:45,-17.9,-64.4833,38.37,95,16,1.83
124,Esna,EG,2022-06-12 06:20:46,25.2934,32.554,100.33,11,0,10.51
125,Nantucket,US,2022-06-12 06:16:16,41.2835,-70.0995,66.31,98,100,8.05
126,Buraydah,SA,2022-06-12 06:20:46,26.326,43.975,97.25,10,0,4.18
127,Ilhabela,BR,2022-06-12 06:20:46,-23.7781,-45.3581,62.69,87,99,5.35
128,Normandin,CA,2022-06-12 06:20:47,48.8333,-72.5321,55.71,93,54,4.61
129,Saint George,US,2022-06-12 06:20:47,37.1041,-113.5841,91.99,15,0,3.44
130,Khaniotis,GR,2022-06-12 06:20:47,39.9991,23.58,72.3,68,52,10.27
131,Oruro,BO,2022-06-12 06:20:48,-17.9833,-67.15,33.46,36,0,3.24
132,Turukhansk,RU,2022-06-12 06:20:48,65.8167,87.9833,76.23,33,98,15.75
133,Sisimiut,GL,2022-06-12 06:20:48,66.9395,-53.6735,37.08,79,82,17.34
134,Funadhoo,MV,2022-06-12 06:20:48,6.15,73.2667,82.98,76,95,15.82
135,Nouadhibou,MR,2022-06-12 06:20:49,20.931,-17.0347,66.18,94,0,20.71
136,Margate,GB,2022-06-12 06:20:49,51.3813,1.3862,58.69,76,60,11.81
137,Geraldton,AU,2022-06-12 06:20:49,-28.7667,114.6,70.21,68,75,21.85
138,Badulla,LK,2022-06-12 06:20:50,6.9895,81.0557,84.04,51,100,2.57
139,Makat,KZ,2022-06-12 06:21:50,47.6469,53.3463,83.84,37,53,4.9
140,Yar-Sale,RU,2022-06-12 06:21:51,66.8333,70.8333,64.98,69,100,14.74
141,Barkhera,IN,2022-06-12 06:21:51,28.45,79.8,109.2,13,1,6.42
142,Kamina,CD,2022-06-12 06:21:51,-8.7386,24.9906,64.4,59,2,6.71
143,Matara,LK,2022-06-12 06:21:52,5.9485,80.5353,82.78,77,100,10.89
144,Tasiilaq,GL,2022-06-12 06:21:52,65.6145,-37.6368,39.36,76,80,4.94
145,Muli,MV,2022-06-12 06:21:52,2.9167,73.5667,84.06,70,100,11.61
146,Kruisfontein,ZA,2022-06-12 06:21:52,-34.0033,24.7314,68.88,23,71,20.2
147,Kasungu,MW,2022-06-12 06:21:53,-13.0333,33.4833,60.62,62,0,4.74
148,Ayorou,NE,2022-06-12 06:21:53,14.7308,0.9174,85.64,49,86,4.56
149,Kongolo,CD,2022-06-12 06:21:53,-5.3833,27.0,74.07,55,59,6.55
150,Lagoa,PT,2022-06-12 06:21:54,39.05,-27.9833,61.11,75,27,18.61
151,Itarema,BR,2022-06-12 06:21:54,-2.9248,-39.9167,73.94,90,66,6.98
152,Port-Gentil,GA,2022-06-12 06:21:54,-0.7193,8.7815,76.96,94,100,2.3
153,Korla,CN,2022-06-12 06:21:55,41.7597,86.1469,93.81,10,10,7.94
154,Kanker,IN,2022-06-12 06:21:55,20.2719,81.4931,99.34,31,45,9.22
155,Bandarbeyla,SO,2022-06-12 06:21:55,9.4942,50.8122,88.05,51,76,29.42
156,Araouane,ML,2022-06-12 06:21:55,18.9048,-3.5265,83.39,41,33,8.7
157,Sergeyevka,KZ,2022-06-12 06:21:56,53.88,67.4158,69.1,53,20,15.84
158,Montevideo,UY,2022-06-12 06:21:56,-34.8335,-56.1674,49.51,75,0,4.0
159,Kashan,IR,2022-06-12 06:21:56,33.9831,51.4364,83.52,24,0,10.31
160,Ilulissat,GL,2022-06-12 06:21:57,69.2167,-51.1,35.62,87,100,9.22
161,Gumdag,TM,2022-06-12 06:21:57,39.2061,54.5906,83.46,32,2,8.46
162,Rampur,IN,2022-06-12 06:21:57,28.8167,79.0333,95.5,13,1,4.94
163,Lima,PE,2022-06-12 06:21:38,-12.0432,-77.0282,60.91,86,100,10.36
164,Chilca,PE,2022-06-12 06:21:58,-12.5211,-76.7372,61.39,87,30,4.99
165,Coari,BR,2022-06-12 06:21:58,-4.085,-63.1414,70.25,92,100,2.26
166,Visnes,NO,2022-06-12 06:21:58,59.3556,5.2242,53.82,94,75,17.27
167,Cidreira,BR,2022-06-12 06:21:58,-30.1811,-50.2056,46.47,67,0,21.45
168,Itupiranga,BR,2022-06-12 06:21:59,-5.1347,-49.3267,75.52,97,97,1.7
169,Grindavik,IS,2022-06-12 06:21:59,63.8424,-22.4338,48.67,87,100,5.75
170,Salalah,OM,2022-06-12 06:21:59,17.0151,54.0924,91.49,70,0,11.5
171,Cecina,IT,2022-06-12 06:22:00,43.3128,10.524,79.34,54,1,4.83
172,Victoria,HK,2022-06-12 06:20:02,22.2855,114.1577,89.96,84,100,17.0
173,Soyo,AO,2022-06-12 06:22:00,-6.1349,12.3689,72.72,91,8,6.15
174,Manturovo,RU,2022-06-12 06:22:00,58.3353,44.7619,58.51,42,1,9.04
175,Longyearbyen,SJ,2022-06-12 06:22:01,78.2186,15.6401,37.24,81,75,1.14
176,Edgewater,US,2022-06-12 06:22:02,28.9889,-80.9023,75.43,90,99,5.7
177,Lapao,BR,2022-06-12 06:22:03,-11.3833,-41.8319,67.62,69,63,6.6
178,Sao Miguel Do Araguaia,BR,2022-06-12 06:22:03,-13.275,-50.1628,67.96,64,80,5.57
179,Berlevag,NO,2022-06-12 06:22:04,70.8578,29.0864,58.95,72,75,2.3
180,Channel-Port Aux Basques,CA,2022-06-12 06:22:04,47.5702,-59.1367,50.54,87,99,6.35
181,Aksehir,TR,2022-06-12 06:22:04,38.3575,31.4164,64.96,58,12,4.27
182,Asyut,EG,2022-06-12 06:22:05,27.181,31.1837,90.3,29,0,12.64
183,Murgab,TM,2022-06-12 06:22:05,37.4966,61.9714,84.07,34,0,9.22
184,Rosa Zarate,EC,2022-06-12 06:22:06,0.3333,-79.4667,72.41,96,91,1.7
185,Taguatinga,BR,2022-06-12 06:22:07,-12.3857,-46.5711,75.33,38,98,2.21
186,La Asuncion,VE,2022-06-12 06:22:07,11.0333,-63.8628,80.33,89,72,14.97
187,Belyy Yar,RU,2022-06-12 06:22:09,53.6039,91.3903,85.86,36,0,15.66
188,Tocache,PE,2022-06-12 06:23:09,-8.1842,-76.5125,66.2,96,80,0.78
189,Puerto Del Rosario,ES,2022-06-12 06:23:09,28.5004,-13.8627,69.55,78,20,11.5
190,Thunder Bay,CA,2022-06-12 06:20:34,48.4001,-89.3168,46.31,87,0,3.44
191,Narsaq,GL,2022-06-12 06:23:10,60.9167,-46.05,48.42,81,100,8.93
192,Brae,GB,2022-06-12 06:23:10,60.3964,-1.353,51.62,88,94,22.06
193,Waddan,LY,2022-06-12 06:23:11,29.1614,16.139,71.73,61,0,7.16
194,Sanchi,IN,2022-06-12 06:23:11,23.4833,77.7333,87.12,33,89,8.55
195,Guaruja,BR,2022-06-12 06:23:11,-23.9931,-46.2564,61.9,26,100,3.53
196,Mweka,CD,2022-06-12 06:23:11,-4.85,21.5667,70.16,59,31,2.57
197,Leshukonskoye,RU,2022-06-12 06:23:12,64.8989,45.7622,60.94,37,10,0.89
198,Kalmunai,LK,2022-06-12 06:23:12,7.4167,81.8167,88.57,57,100,1.41
199,Bengkulu,ID,2022-06-12 06:23:12,-3.8004,102.2655,83.64,68,90,5.99
200,Anloga,GH,2022-06-12 06:23:13,5.7947,0.8973,78.39,77,98,7.47
201,Santiago Del Estero,AR,2022-06-12 06:23:13,-27.7951,-64.2615,49.66,56,0,7.65
202,Vallenar,CL,2022-06-12 06:23:13,-28.5708,-70.7581,53.53,66,0,0.65
203,Zaozerne,UA,2022-06-12 06:23:14,45.1582,33.2787,75.49,64,100,18.37
204,Ostersund,SE,2022-06-12 06:22:52,63.1792,14.6357,55.85,76,20,10.36
205,Trondheim,NO,2022-06-12 06:22:31,63.4305,10.3951,62.65,79,87,3.0
206,Mahajanga,MG,2022-06-12 06:23:14,-15.7167,46.3167,78.82,53,0,6.91
207,Harper,LR,2022-06-12 06:23:14,4.375,-7.7169,76.89,84,100,5.21
208,Jalu,LY,2022-06-12 06:23:15,29.0331,21.5482,74.07,61,0,14.12
209,Ipu,BR,2022-06-12 06:23:15,-4.3222,-40.7108,68.99,98,43,1.81
210,Aksarka,RU,2022-06-12 06:23:15,66.5606,67.7975,50.2,81,100,22.62
211,Dalbandin,PK,2022-06-12 06:23:16,28.8947,64.4101,99.43,18,16,5.53
212,Chimbote,PE,2022-06-12 06:19:00,-9.0853,-78.5783,62.58,86,57,8.34
213,Nieuw Nickerie,SR,2022-06-12 06:23:16,5.95,-56.9833,76.3,88,71,9.6
214,Constitucion,CL,2022-06-12 06:19:12,-35.3333,-72.4167,48.81,73,77,2.86
215,Cesvaine,LV,2022-06-12 06:23:16,56.9667,26.3167,63.86,63,51,5.06
216,Carutapera,BR,2022-06-12 06:23:17,-1.195,-46.02,74.66,93,100,4.83
217,Urengoy,RU,2022-06-12 06:23:17,65.9667,78.3667,77.97,33,96,18.59
218,Dakar,SN,2022-06-12 06:23:17,14.6937,-17.4441,77.13,83,75,4.61
219,Noyabrsk,RU,2022-06-12 06:22:38,63.1994,75.4507,66.97,61,81,5.44
220,Cockburn Town,TC,2022-06-12 06:23:18,21.4612,-71.1419,80.8,86,91,19.6
221,Oranjestad,AW,2022-06-12 06:22:38,12.524,-70.027,82.35,74,20,23.02
222,Oriximina,BR,2022-06-12 06:23:18,-1.7656,-55.8661,72.54,95,67,2.35
223,Vestmannaeyjar,IS,2022-06-12 06:23:18,63.4427,-20.2734,49.21,82,91,18.99
224,Saint-Georges,GD,2022-06-12 06:23:19,12.0564,-61.7485,79.38,75,39,17.43
225,Comodoro Rivadavia,AR,2022-06-12 06:21:14,-45.8667,-67.5,51.66,37,0,2.3
226,Inirida,CO,2022-06-12 06:23:19,3.8653,-67.9239,71.78,99,100,3.78
227,Sao Filipe,CV,2022-06-12 06:23:19,14.8961,-24.4956,72.99,83,25,6.24
228,Rio Gallegos,AR,2022-06-12 06:21:32,-51.6226,-69.2181,35.65,80,0,10.09
229,Ambilobe,MG,2022-06-12 06:23:20,-13.2,49.05,80.01,44,13,4.09
230,Birao,CF,2022-06-12 06:23:20,10.2849,22.7882,79.57,65,65,3.67
231,Jacareacanga,BR,2022-06-12 06:23:20,-6.2222,-57.7528,71.87,88,100,2.37
232,Qurayyat,SA,2022-06-12 06:23:22,31.3318,37.3428,87.98,18,0,4.61
233,Coquimbo,CL,2022-06-12 06:24:23,-29.9533,-71.3436,51.53,87,100,5.75
234,Puerto Baquerizo Moreno,EC,2022-06-12 06:24:24,-0.9,-89.6,71.1,84,83,12.08
235,Sakaraha,MG,2022-06-12 06:24:25,-22.9,44.5333,68.92,61,0,7.43
236,Abu Kamal,SY,2022-06-12 06:24:26,34.4506,40.9171,93.07,20,0,8.59
237,Florianopolis,BR,2022-06-12 06:24:02,-27.6146,-48.5012,47.41,71,0,1.14
238,Caravelas,BR,2022-06-12 06:24:26,-17.7125,-39.2481,71.38,92,68,3.56
239,Pisco,PE,2022-06-12 06:24:26,-13.7,-76.2167,56.01,94,75,4.61
240,Solnechnyy,RU,2022-06-12 06:24:27,50.7214,136.6319,74.62,39,13,7.9
241,Mahanoro,MG,2022-06-12 06:24:27,-19.9,48.8,69.22,87,55,6.31
242,Castro,BR,2022-06-12 06:24:27,-24.7911,-50.0119,37.42,75,98,4.27
243,Ordu,TR,2022-06-12 06:24:28,40.9086,37.6845,59.5,76,68,2.01
244,Saint Anthony,US,2022-06-12 06:24:28,45.0205,-93.218,66.11,79,20,11.5
245,Tornio,FI,2022-06-12 06:24:28,65.8481,24.1466,55.42,82,82,9.37
246,Blagoyevo,RU,2022-06-12 06:24:29,63.3667,47.9167,56.41,41,1,7.9
247,Iracoubo,GF,2022-06-12 06:24:29,5.4802,-53.2011,75.6,88,56,4.09
248,Kabare,CD,2022-06-12 06:24:29,-2.4683,28.8242,64.67,87,62,2.26
249,Tado,CO,2022-06-12 06:24:30,5.266,-76.5649,72.25,98,99,1.32
250,Vieques,PR,2022-06-12 06:24:30,18.425,-65.8329,82.44,83,20,6.91
251,Awbari,LY,2022-06-12 06:24:30,26.5921,12.7805,77.74,31,0,11.74
252,Verkhnetulomskiy,RU,2022-06-12 06:24:30,68.6073,31.7962,55.53,74,88,10.18
253,Domanivka,UA,2022-06-12 06:24:31,47.6319,30.9885,73.89,60,70,7.56
254,Charagua,BO,2022-06-12 06:24:31,-19.8,-63.2167,44.58,82,0,3.76
255,Sinnamary,GF,2022-06-12 06:24:31,5.3833,-52.95,76.12,87,76,4.14
256,Kedrovyy,RU,2022-06-12 06:24:32,56.1667,91.8167,72.01,46,100,6.55
257,Mutis,CO,2022-06-12 06:24:32,6.2262,-77.4044,75.45,93,100,2.95
258,Caluquembe,AO,2022-06-12 06:24:32,-13.7833,14.6833,48.7,58,0,4.32
259,Aduturai,IN,2022-06-12 06:24:33,11.0147,79.4791,96.19,38,97,10.29
260,Kyrnasivka,UA,2022-06-12 06:24:33,48.5955,28.979,71.1,72,43,10.65
261,Weligama,LK,2022-06-12 06:24:33,5.9667,80.4167,81.95,80,100,10.42
262,Birsk,RU,2022-06-12 06:24:33,55.4211,55.5428,47.53,81,100,10.87
263,Nunchia,CO,2022-06-12 06:24:34,5.6406,-72.1986,68.63,97,100,3.65
264,Minab,IR,2022-06-12 06:24:34,27.1467,57.0801,93.61,53,1,7.65
265,Zhanakorgan,KZ,2022-06-12 06:24:34,43.9098,67.2495,83.97,29,37,5.7
266,Rawson,AR,2022-06-12 06:24:35,-43.3002,-65.1023,56.66,27,100,12.59
267,Los Llanos De Aridane,ES,2022-06-12 06:24:35,28.6585,-17.9182,65.95,93,75,13.8
268,Dombarovskiy,RU,2022-06-12 06:24:35,50.7587,59.5386,71.01,51,91,6.71
269,Moyo,UG,2022-06-12 06:24:36,3.6609,31.7247,73.51,67,49,2.42
270,Eyrarbakki,IS,2022-06-12 06:24:36,63.863,-21.1481,50.2,78,95,7.76
271,Konigs Wusterhausen,DE,2022-06-12 06:24:36,52.3014,13.633,69.06,78,0,2.3
272,Mar Del Plata,AR,2022-06-12 06:24:37,-38.0023,-57.5575,41.95,94,0,3.44
273,Tiznit,MA,2022-06-12 06:24:37,29.5833,-9.5,69.48,72,32,1.77
274,Newcastleton,GB,2022-06-12 06:24:37,55.1796,-2.8127,53.04,90,94,12.3
275,Caraballeda,VE,2022-06-12 06:24:37,10.6112,-66.8522,80.37,79,40,3.44
276,Nuuk,GL,2022-06-12 06:24:38,64.1835,-51.7216,39.81,87,75,9.22
277,Hvolsvollur,IS,2022-06-12 06:24:38,63.7533,-20.2243,49.46,74,100,9.44
278,Sorland,NO,2022-06-12 06:24:38,67.667,12.6934,49.86,92,100,3.58
279,Isoka,ZM,2022-06-12 06:24:39,-10.1606,32.6335,58.48,68,4,6.38
280,Secunda,ZA,2022-06-12 06:24:39,-26.55,29.1667,45.3,79,0,3.27
281,Porto Novo,BJ,2022-06-12 06:25:39,6.4965,2.6036,75.02,94,100,3.51
282,Gaoua,BF,2022-06-12 06:25:40,10.2992,-3.2508,72.99,89,64,5.26
283,Kologriv,RU,2022-06-12 06:25:40,58.8275,44.3178,58.19,43,3,9.08
284,Guanica,PR,2022-06-12 06:25:40,17.9716,-66.908,80.91,81,61,11.56
285,Odesskoye,RU,2022-06-12 06:21:21,54.2111,72.9651,74.16,41,78,18.59
286,Hattiesburg,US,2022-06-12 06:25:41,31.3271,-89.2903,75.65,98,0,0.0
287,Karasjok,NO,2022-06-12 06:25:41,69.4719,25.5112,51.51,82,100,15.55
288,Eyl,SO,2022-06-12 06:25:41,7.9803,49.8164,87.13,51,90,30.51
289,Abha,SA,2022-06-12 06:25:42,18.2164,42.5053,84.02,9,0,4.61
290,Canutama,BR,2022-06-12 06:25:42,-6.5339,-64.3831,68.68,86,100,4.43
291,Dingle,PH,2022-06-12 06:25:42,10.9995,122.6711,88.97,61,38,5.41
292,Guhagar,IN,2022-06-12 06:25:42,17.4842,73.1929,80.2,84,100,8.23
293,Kilkenny,IE,2022-06-12 06:25:43,52.6542,-7.2522,53.58,89,23,10.0
294,Keflavik,IS,2022-06-12 06:25:43,64.0049,-22.5624,48.63,87,100,5.75
295,Xuddur,SO,2022-06-12 06:25:43,4.1213,43.8894,79.63,61,65,22.24
296,Hyeres,FR,2022-06-12 06:25:44,43.1167,6.1167,72.25,46,0,3.44
297,Kalabo,ZM,2022-06-12 06:25:44,-14.97,22.6814,54.05,69,2,5.77
298,Tonekabon,IR,2022-06-12 06:25:44,36.8163,50.8738,76.95,66,10,4.74
299,Sao Joao Del Rei,BR,2022-06-12 06:25:44,-21.1356,-44.2617,57.81,97,100,1.59
300,Riyadh,SA,2022-06-12 06:23:42,24.6877,46.7219,98.74,9,0,4.52
301,Kuytun,RU,2022-06-12 06:25:45,54.3419,101.5036,79.0,29,56,6.46
302,Nizwa,OM,2022-06-12 06:25:45,22.9333,57.5333,100.11,12,0,7.47
303,Nepomuceno,BR,2022-06-12 06:25:46,-21.2358,-45.2358,57.76,92,100,3.42
304,Matay,EG,2022-06-12 06:25:46,28.419,30.7792,85.23,32,0,12.24
305,Campina Verde,BR,2022-06-12 06:25:46,-19.5356,-49.4864,60.8,74,100,5.73
306,Opuwo,NA,2022-06-12 06:25:47,-18.0607,13.84,54.59,53,0,5.97
307,Codrington,AU,2022-06-12 06:25:47,-38.2667,141.9667,54.36,76,100,14.23
308,Jaciara,BR,2022-06-12 06:22:28,-15.9653,-54.9683,61.57,69,100,4.5
309,Ptichye,RU,2022-06-12 06:25:47,45.5168,41.7115,80.78,49,2,10.29
310,Gamba,GA,2022-06-12 06:25:48,-2.65,10.0,74.05,94,4,2.55
311,Talnakh,RU,2022-06-12 06:25:48,69.4865,88.3972,74.21,32,100,11.03
312,Mogadishu,SO,2022-06-12 06:25:48,2.0371,45.3438,84.07,70,40,19.57
313,Parana,AR,2022-06-12 06:23:37,-31.732,-60.5238,47.55,65,0,5.39
314,Bubaque,GW,2022-06-12 06:25:49,11.2833,-15.8333,80.15,80,87,12.26
315,Marawi,PH,2022-06-12 06:25:49,7.9986,124.2928,79.65,73,66,6.42
316,Aswan,EG,2022-06-12 06:25:49,24.0934,32.907,99.3,11,0,13.13
317,Maceio,BR,2022-06-12 06:23:58,-9.6658,-35.7353,72.84,94,40,3.44
318,Humpolec,CZ,2022-06-12 06:25:50,49.5415,15.3593,67.98,68,99,0.92
319,Koutsouras,GR,2022-06-12 06:25:51,35.0339,25.9469,74.1,69,4,4.72
320,Ponta Delgada,PT,2022-06-12 06:25:52,37.7333,-25.6667,62.51,88,20,16.11
321,Nefteyugansk,RU,2022-06-12 06:22:38,61.0998,72.6035,61.29,81,97,5.75
322,Sambava,MG,2022-06-12 06:25:53,-14.2667,50.1667,75.76,66,77,15.19
323,Veraval,IN,2022-06-12 06:25:55,20.9,70.3667,84.42,72,85,8.08
324,Sioux Lookout,CA,2022-06-12 06:25:55,50.1001,-91.917,55.47,62,20,6.91
325,Carnarvon,AU,2022-06-12 06:26:57,-24.8667,113.6333,73.71,56,17,9.66
326,Lekoni,GA,2022-06-12 06:26:57,-1.5843,14.2591,75.0,59,14,2.44
327,Bako,ET,2022-06-12 06:26:57,5.7833,36.5667,72.43,56,52,2.68
328,Quthing,LS,2022-06-12 06:26:58,-30.4,27.7003,45.12,54,89,2.68
329,Campbellsville,US,2022-06-12 06:26:58,37.3434,-85.3419,69.91,61,17,5.95
330,Sakakah,SA,2022-06-12 06:26:58,29.9697,40.2064,92.77,11,0,6.22
331,Tanout,NE,2022-06-12 06:26:58,14.9709,8.8879,82.63,45,46,11.34
332,Honningsvag,NO,2022-06-12 06:26:59,70.9821,25.9704,46.15,87,100,11.5
333,Gilgit,PK,2022-06-12 06:26:59,35.9221,74.3087,79.54,34,73,2.77
334,Les Cayes,HT,2022-06-12 06:26:59,18.2,-73.75,77.5,81,94,3.65
335,Sadasivpet,IN,2022-06-12 06:27:00,17.6212,77.9503,89.91,43,100,12.15
336,Nyrob,RU,2022-06-12 06:27:00,60.733,56.7202,56.32,57,92,10.18
337,Chadiza,ZM,2022-06-12 06:27:00,-14.0678,32.4392,55.15,75,3,5.06
338,Leh,IN,2022-06-12 06:27:01,34.1667,77.5833,57.38,38,81,4.07
339,Inhambane,MZ,2022-06-12 06:27:01,-23.865,35.3833,67.98,77,40,4.61
340,Havoysund,NO,2022-06-12 06:27:01,70.9963,24.6622,46.63,96,100,32.01
341,Kyotera,UG,2022-06-12 06:27:01,-0.6156,31.5175,68.41,77,93,4.74
342,Maltahohe,NA,2022-06-12 06:27:02,-24.8333,16.9833,52.54,44,6,8.19
343,Tazmalt,DZ,2022-06-12 06:27:02,36.3868,4.3989,73.63,30,0,1.45
344,Morlaix,FR,2022-06-12 06:27:02,48.5833,-4.0,58.06,94,75,2.3
345,Lucapa,AO,2022-06-12 06:27:03,-8.4192,20.7447,61.86,44,14,4.92
346,San Antonio,US,2022-06-12 06:25:43,29.4241,-98.4936,85.26,77,0,13.8
347,Forssa,FI,2022-06-12 06:27:03,60.8146,23.6215,61.99,65,73,7.36
348,Saquarema,BR,2022-06-12 06:27:03,-22.92,-42.5103,65.8,88,100,5.1
349,Lodwar,KE,2022-06-12 06:27:04,3.1191,35.5973,81.99,52,39,14.76
350,Kannapolis,US,2022-06-12 06:27:04,35.4874,-80.6217,73.26,90,40,0.0
351,Salinopolis,BR,2022-06-12 06:27:04,-0.6136,-47.3561,76.91,86,86,8.32
352,Antofagasta,CL,2022-06-12 06:27:05,-23.65,-70.4,56.48,76,33,4.45
353,Sembe,CG,2022-06-12 06:27:05,1.6481,14.5806,73.71,79,93,0.74
354,Barmer,IN,2022-06-12 06:27:05,25.75,71.3833,97.7,36,0,17.27
355,Khargone,IN,2022-06-12 06:27:06,21.8167,75.6,85.96,55,99,5.97
356,Asfi,MA,2022-06-12 06:27:06,32.2994,-9.2372,68.83,88,65,6.35
357,Saint-Augustin,CA,2022-06-12 06:27:06,51.226,-58.6502,53.4,78,22,11.05
358,Mporokoso,ZM,2022-06-12 06:25:36,-9.3727,30.125,60.4,61,4,10.13
359,Turbat,PK,2022-06-12 06:27:07,26.0023,63.044,93.11,48,26,3.78
360,Henties Bay,NA,2022-06-12 06:27:07,-22.116,14.2845,64.92,54,0,5.01
361,Teguise,ES,2022-06-12 06:27:07,29.0605,-13.564,66.42,78,40,11.5
362,Toronto,CA,2022-06-12 06:23:47,43.7001,-79.4163,62.37,88,20,5.75
363,Sao Felix Do Xingu,BR,2022-06-12 06:27:07,-6.6447,-51.995,69.78,94,59,1.41
364,Hualmay,PE,2022-06-12 06:27:08,-11.0964,-77.6139,61.77,85,21,7.29
365,Arlit,NE,2022-06-12 06:27:08,18.7369,7.3853,87.03,30,87,4.05
366,Fritzlar,DE,2022-06-12 06:27:09,51.1333,9.2833,64.22,88,66,1.86
367,Adana,TR,2022-06-12 06:27:09,36.985,35.2881,81.12,69,40,5.75
368,Zelenchukskaya,RU,2022-06-12 06:27:09,43.858,41.5894,70.05,53,75,4.0
369,Vila Velha,BR,2022-06-12 06:27:09,-20.3297,-40.2925,69.94,84,75,2.3
370,Skjervoy,NO,2022-06-12 06:27:10,70.0311,20.9714,46.4,92,100,10.02
371,Zemio,CF,2022-06-12 06:28:10,5.0314,25.1361,72.34,90,78,2.71
372,Muyezerskiy,RU,2022-06-12 06:28:10,63.9333,31.65,61.11,73,99,12.71
373,Bathsheba,BB,2022-06-12 06:28:11,13.2167,-59.5167,81.21,74,20,24.16
374,Gloucester,GB,2022-06-12 06:28:05,51.8657,-2.2431,57.94,76,29,3.0
375,Gonbad-E Qabus,IR,2022-06-12 06:28:11,37.25,55.1672,81.55,44,7,4.38
376,Thompson,CA,2022-06-12 06:28:11,55.7435,-97.8558,59.16,55,75,4.61
377,Hambantota,LK,2022-06-12 06:28:12,6.1241,81.1185,89.94,70,75,13.8
378,Hatod,IN,2022-06-12 06:28:12,22.8,75.7333,84.52,54,75,9.22
379,Kaoma,ZM,2022-06-12 06:28:12,-14.7833,24.8,53.87,67,1,7.49
380,Rioja,AR,2022-06-12 06:28:13,-29.4111,-66.8507,49.86,64,0,0.67
381,Port Blair,IN,2022-06-12 06:28:13,11.6667,92.75,87.84,66,75,10.36
382,Marsa Matruh,EG,2022-06-12 06:28:13,31.3525,27.2453,74.3,74,11,16.84
383,Urumqi,CN,2022-06-12 06:28:14,43.801,87.6005,94.15,12,0,11.18
384,Adrar,MR,2022-06-12 06:28:14,20.5022,-10.0711,85.08,19,7,10.38
385,Janauba,BR,2022-06-12 06:28:15,-15.8025,-43.3089,66.9,44,100,3.85
386,Toila,EE,2022-06-12 06:28:15,59.4236,27.5025,60.26,75,82,5.37
387,Lasa,IT,2022-06-12 06:28:15,46.6166,10.7002,62.37,50,0,4.52
388,Port Washington,US,2022-06-12 06:28:16,40.8257,-73.6982,66.79,73,40,8.05
389,Esfarayen,IR,2022-06-12 06:28:16,37.0765,57.5101,69.46,38,2,2.19
390,Tingi,TZ,2022-06-12 06:28:16,-11.3,35.0333,60.17,75,38,3.8
391,Nieuw Amsterdam,SR,2022-06-12 06:28:16,5.8833,-55.0833,77.02,91,40,5.14
392,Vagur,FO,2022-06-12 06:28:17,61.4732,-6.8119,48.7,95,100,21.3
393,Gvardeyskoye,RU,2022-06-12 06:28:17,43.6731,44.9589,76.86,41,4,9.95
394,Natal,BR,2022-06-12 06:28:17,-5.795,-35.2094,75.42,94,75,3.44
395,Bonthe,SL,2022-06-12 06:28:18,7.5264,-12.505,77.7,86,84,2.68
396,Havre-Saint-Pierre,CA,2022-06-12 06:28:18,50.2334,-63.5986,52.16,87,0,11.5
397,Manjacaze,MZ,2022-06-12 06:28:18,-24.7117,33.8828,63.3,81,0,2.86
398,Archdale,US,2022-06-12 06:28:19,35.9146,-79.972,71.87,88,91,5.26
399,Doha,QA,2022-06-12 06:26:48,25.2867,51.5333,102.18,27,0,18.41
400,Praia,CV,2022-06-12 06:28:19,14.9215,-23.5087,72.14,83,20,5.75
401,Cap Malheureux,MU,2022-06-12 06:28:19,-19.9842,57.6142,71.47,83,87,8.99
402,Millinocket,US,2022-06-12 06:25:40,45.6573,-68.7098,55.51,94,0,0.0
403,Dondo,MZ,2022-06-12 06:28:20,-19.6094,34.7431,67.51,92,69,6.35
404,Diamantino,BR,2022-06-12 06:28:20,-14.4086,-56.4461,60.4,87,99,5.7
405,Madimba,TZ,2022-06-12 06:28:20,-10.4,40.3333,73.9,73,3,13.62
406,Honavar,IN,2022-06-12 06:28:21,14.2833,74.45,83.08,71,100,6.31
407,Ugoofaaru,MV,2022-06-12 06:28:21,5.6667,73.0,83.44,75,88,14.94
408,Tabuk,PH,2022-06-12 06:28:21,17.4189,121.4443,89.6,61,92,4.03
409,Karlshamn,SE,2022-06-12 06:28:22,56.1706,14.8619,59.49,71,67,9.75
410,Tessalit,ML,2022-06-12 06:28:22,20.1986,1.0114,87.33,30,100,3.06
411,Cuprija,RS,2022-06-12 06:28:22,43.9275,21.37,62.35,95,85,8.12
412,Rutul,RU,2022-06-12 06:28:22,41.5357,47.4239,67.14,54,1,2.66
413,Zaltan,LY,2022-06-12 06:28:23,32.947,11.8665,74.19,64,0,11.83
414,Gornopravdinsk,RU,2022-06-12 06:28:23,60.05,69.9,57.4,96,100,4.07
415,Tarime,TZ,2022-06-12 06:28:23,-1.35,34.3667,66.38,80,52,5.61
416,Ambanja,MG,2022-06-12 06:28:24,-13.6833,48.45,77.34,55,27,2.86
417,Eldorado,BR,2022-06-12 06:28:24,-23.7869,-54.2836,46.08,76,100,5.79
418,Nachingwea,TZ,2022-06-12 06:28:24,-10.3833,38.7667,70.74,63,3,8.14
419,Vestmanna,FO,2022-06-12 06:28:25,62.1564,-7.1664,47.32,100,100,16.11
420,Sussex,US,2022-06-12 06:29:25,41.1834,-74.6663,60.08,81,0,1.01
421,Altay,CN,2022-06-12 06:29:25,47.8667,88.1167,86.97,23,65,7.16
422,Nassjo,SE,2022-06-12 06:29:26,57.6531,14.6968,56.32,65,54,10.11
423,Tab,HU,2022-06-12 06:29:26,46.7314,18.032,69.24,67,23,7.92
424,Norrtalje,SE,2022-06-12 06:29:26,59.758,18.705,60.03,59,82,11.16
425,Khvoynaya,RU,2022-06-12 06:29:26,58.9,34.5333,66.09,53,11,6.82
426,Mao,ES,2022-06-12 06:29:27,39.8885,4.2658,72.16,94,20,2.3
427,Torres,BR,2022-06-12 06:29:27,-29.3353,-49.7269,42.82,53,0,12.71
428,Sironj,IN,2022-06-12 06:29:27,24.1,77.7,96.37,34,86,10.0
429,Filadelfia,US,2022-06-12 06:26:54,39.9523,-75.1638,64.51,90,20,0.0
430,Ussel,FR,2022-06-12 06:29:28,45.55,2.3167,64.24,59,74,1.1
431,Rock Hill,US,2022-06-12 06:29:28,34.9249,-81.0251,73.58,85,40,5.75
432,Sechura,PE,2022-06-12 06:29:28,-5.5569,-80.8222,63.93,84,27,12.55
433,Talcahuano,CL,2022-06-12 06:26:30,-36.7167,-73.1167,47.88,87,100,4.61
434,General Pico,AR,2022-06-12 06:29:29,-35.6566,-63.7568,44.44,53,60,8.32
435,Goba,ET,2022-06-12 06:29:29,7.0167,39.9833,61.68,52,79,3.2
436,Abeche,TD,2022-06-12 06:29:29,13.8292,20.8324,86.02,49,0,13.8
437,Porto Walter,BR,2022-06-12 06:29:30,-8.2686,-72.7439,64.4,93,73,2.28
438,Amapa,BR,2022-06-12 06:29:30,1.0,-52.0,70.0,99,99,0.83
439,Puri,IN,2022-06-12 06:29:30,19.8,85.85,95.52,67,78,15.5
440,Faya,SA,2022-06-12 06:29:31,18.3851,42.4509,84.31,11,3,4.18
441,Taveta,KE,2022-06-12 06:29:31,-3.3963,37.6736,68.88,77,95,9.8
442,Irshava,UA,2022-06-12 06:29:31,48.3167,23.0385,67.39,68,29,7.7
443,Nouakchott,MR,2022-06-12 06:29:31,18.0858,-15.9785,78.73,61,29,8.16
444,Goderich,CA,2022-06-12 06:29:32,43.7501,-81.7165,59.92,88,100,5.75
445,The Valley,AI,2022-06-12 06:29:32,18.217,-63.0578,81.82,80,18,20.22
446,Almeirim,BR,2022-06-12 06:29:32,-1.5233,-52.5817,71.8,98,29,2.26
447,Barbosa Ferraz,BR,2022-06-12 06:29:33,-24.03,-52.0117,41.67,70,93,4.61
448,Tashla,RU,2022-06-12 06:29:33,51.7716,52.7427,66.72,59,20,14.29
449,Asosa,ET,2022-06-12 06:29:33,10.0667,34.5333,68.86,78,52,2.42
450,Koslan,RU,2022-06-12 06:29:34,63.4564,48.8989,55.85,39,1,9.08
451,Blagoveshchenka,RU,2022-06-12 06:29:34,52.8333,79.8667,79.61,33,26,12.26
452,Wawa,NG,2022-06-12 06:29:34,9.9022,4.4192,74.77,80,92,5.06
453,Ihosy,MG,2022-06-12 06:29:34,-22.4,46.1167,62.31,83,98,12.41
454,Pinillos,CO,2022-06-12 06:29:35,8.9193,-74.4677,73.6,98,100,1.5
455,Monrovia,LR,2022-06-12 06:29:35,6.3005,-10.7969,76.73,86,100,4.68
456,Fraserburgh,GB,2022-06-12 06:29:35,57.6874,-2.0184,56.43,77,80,18.32
457,Beloha,MG,2022-06-12 06:29:36,-25.1667,45.05,71.04,64,0,14.43
458,Bougouni,ML,2022-06-12 06:29:36,11.417,-7.479,79.61,62,63,2.64
459,Norton Shores,US,2022-06-12 06:29:36,43.1689,-86.2639,64.58,76,0,4.61
460,Hwange,ZW,2022-06-12 06:29:37,-18.3693,26.5019,56.84,72,0,2.35
461,Tshikapa,CD,2022-06-12 06:29:37,-6.4167,20.8,70.93,50,24,3.78
462,Liverpool,GB,2022-06-12 06:28:59,53.4106,-2.9779,58.14,76,40,16.11
463,Sturgeon Bay,US,2022-06-12 06:26:53,44.8342,-87.377,55.76,100,75,12.66
464,Skibbereen,IE,2022-06-12 06:30:37,51.55,-9.2667,56.1,80,4,14.23
465,Aruppukkottai,IN,2022-06-12 06:30:38,9.5167,78.1,95.43,38,100,2.48
466,Arroio Grande,BR,2022-06-12 06:30:38,-32.2375,-53.0869,42.13,46,0,14.45
467,Novo Aripuana,BR,2022-06-12 06:30:38,-5.1206,-60.3797,71.35,92,100,1.1
468,Kumba,CM,2022-06-12 06:30:39,4.6363,9.4469,74.25,91,42,2.64
469,Chulym,RU,2022-06-12 06:30:39,55.0997,80.9572,73.13,57,99,10.87
470,Nador,MA,2022-06-12 06:30:39,35.174,-2.9287,71.85,78,100,5.75
471,Guryevsk,RU,2022-06-12 06:30:40,54.2833,85.9333,82.06,44,98,10.49
472,Karonga,MW,2022-06-12 06:30:40,-9.9333,33.9333,73.6,65,23,9.13
473,Sarai,RU,2022-06-12 06:30:40,53.7458,41.0213,69.57,64,41,5.21
474,Kismayo,SO,2022-06-12 06:30:40,-0.3582,42.5454,81.09,73,100,15.75
475,Voyinka,UA,2022-06-12 06:30:41,45.8699,33.9914,80.74,41,72,17.58
476,Maamba,ZM,2022-06-12 06:30:42,-17.3667,27.15,63.79,59,0,3.67
477,Douentza,ML,2022-06-12 06:30:42,14.9951,-2.9517,86.81,46,12,13.49
478,Luanda,AO,2022-06-12 06:28:40,-8.8368,13.2343,68.74,83,11,6.42
479,San Ramon,US,2022-06-12 06:30:43,37.7799,-121.978,71.29,85,0,8.05
480,Zarate,AR,2022-06-12 06:30:06,-34.0981,-59.0286,41.85,63,0,3.0
481,Vodstroy,RU,2022-06-12 06:30:43,48.8416,44.5579,80.89,34,0,8.95
482,Saint-Denis,FR,2022-06-12 06:30:43,48.9167,2.3333,62.38,75,0,5.75
483,Mazagao,BR,2022-06-12 06:30:44,-0.115,-51.2894,77.05,98,56,1.5
484,Camacha,PT,2022-06-12 06:30:44,33.0833,-16.3333,62.02,82,40,10.36
485,Saint-Marc,HT,2022-06-12 06:30:44,19.1082,-72.6938,79.38,77,39,3.22
486,Montes Claros,BR,2022-06-12 06:27:08,-16.735,-43.8617,64.69,55,100,1.14
487,Santa Maria,BR,2022-06-12 06:27:27,-29.6842,-53.8069,38.28,76,0,6.26
488,Raudeberg,NO,2022-06-12 06:30:45,61.9875,5.1352,51.96,94,100,25.97
489,Chimbarongo,CL,2022-06-12 06:30:45,-34.7,-71.05,47.71,63,86,2.1
490,Georgiyevka,KZ,2022-06-12 06:30:45,43.0369,74.7114,84.24,30,0,13.42
491,Sal Rei,CV,2022-06-12 06:30:45,16.1833,-22.9167,72.0,88,0,13.49
492,Tomar Do Geru,BR,2022-06-12 06:30:46,-11.3733,-37.8406,68.29,98,85,2.01
493,Paso De Carrasco,UY,2022-06-12 06:30:46,-34.8603,-56.0522,49.95,77,0,0.0
494,Rundu,NA,2022-06-12 06:30:46,-17.9333,19.7667,60.1,50,0,8.01
495,Virginia Beach,US,2022-06-12 06:25:48,36.8529,-75.978,73.02,78,0,4.61
496,San Francisco,US,2022-06-12 06:25:47,37.7749,-122.4194,71.47,91,75,14.97
497,Mokolo,CM,2022-06-12 06:30:47,10.7398,13.8019,80.01,50,100,1.92
498,Enterprise,US,2022-06-12 06:30:47,36.0252,-115.2419,97.34,11,0,19.57
499,Riohacha,CO,2022-06-12 06:30:47,11.5444,-72.9072,77.31,91,100,7.96
500,Masuguru,TZ,2022-06-12 06:30:48,-11.3667,38.4167,76.01,53,0,5.28
501,Charlestown,AU,2022-06-12 06:30:48,-32.95,151.6667,63.1,52,4,5.99
502,Inongo,CD,2022-06-12 06:30:48,-1.95,18.2667,72.73,64,56,0.92
503,Tupelo,US,2022-06-12 06:28:55,34.2576,-88.7034,75.49,83,0,3.44
504,Hanumangarh,IN,2022-06-12 06:30:49,29.5833,74.3167,110.97,13,0,15.99
505,Olafsvik,IS,2022-06-12 06:30:49,64.8945,-23.7142,45.63,85,100,9.93
506,Marsh Harbour,BS,2022-06-12 06:30:49,26.5412,-77.0636,80.85,79,69,12.91
507,Sokolka,PL,2022-06-12 06:30:50,53.4072,23.5023,63.84,60,7,4.63
508,Senneterre,CA,2022-06-12 06:30:50,48.3835,-77.2328,49.89,97,100,3.94
509,Moose Factory,CA,2022-06-12 06:30:50,51.2585,-80.6094,48.2,93,100,4.61
510,Guayaramerin,BO,2022-06-12 06:31:51,-10.8368,-65.3614,57.92,81,84,3.15
511,Mariental,NA,2022-06-12 06:31:51,-24.6333,17.9667,58.33,39,0,15.1
512,Algiers,DZ,2022-06-12 06:28:17,36.7525,3.042,62.42,88,0,2.3
513,Ous,RU,2022-06-12 06:31:51,60.9058,61.5186,62.06,66,100,11.65
514,Barkly West,ZA,2022-06-12 06:31:52,-28.5354,24.5215,49.28,53,15,17.0
515,Kanel,SN,2022-06-12 06:31:52,15.4916,-13.1763,84.2,65,0,9.22
516,Diego De Almagro,CL,2022-06-12 06:31:53,-26.3667,-70.05,52.83,46,0,1.48
517,Trairi,BR,2022-06-12 06:27:57,-3.2778,-39.2689,72.79,93,63,5.32
518,San Cristobal,VE,2022-06-12 06:31:53,7.7669,-72.225,65.14,98,100,2.13
519,Mabaruma,GY,2022-06-12 06:31:54,8.2,-59.7833,72.99,98,100,4.32
520,Marquette,US,2022-06-12 06:31:54,46.5333,-87.6335,45.77,86,0,4.32
521,Boa Vista,BR,2022-06-12 06:31:54,2.8197,-60.6733,75.18,88,75,5.75
522,Kamenka,RU,2022-06-12 06:31:55,51.3223,42.7678,71.92,57,12,9.01
523,Great Yarmouth,GB,2022-06-12 06:31:55,52.6083,1.7305,57.45,78,69,12.46
524,High Rock,BS,2022-06-12 06:31:55,26.6208,-78.2833,78.82,76,9,7.58
525,Plymouth,US,2022-06-12 06:29:43,41.8334,-70.8328,66.67,85,0,0.0
526,Itororo,BR,2022-06-12 06:31:56,-15.1169,-40.0703,69.35,93,100,0.98
527,Constantine,DZ,2022-06-12 06:31:56,36.365,6.6147,63.81,48,0,2.3
528,Almaty,KZ,2022-06-12 06:31:56,43.25,76.95,84.11,35,75,8.95
529,Culpeper,US,2022-06-12 06:31:56,38.5004,-77.9664,65.61,95,75,0.0
530,Hamilton,US,2022-06-12 06:31:23,39.1834,-84.5333,68.99,93,100,3.44
531,Tankara,IN,2022-06-12 06:31:57,22.6667,70.7333,94.06,44,81,8.43
532,Los Angeles,US,2022-06-12 06:30:59,34.0522,-118.2437,76.62,79,0,6.91
533,Las Lomas,PA,2022-06-12 06:31:57,8.4333,-82.4,74.3,94,100,1.34
534,Sao Joao Da Barra,BR,2022-06-12 06:31:57,-21.6403,-41.0511,66.09,92,100,7.18
535,Mahibadhoo,MV,2022-06-12 06:31:58,3.7833,72.9667,83.8,73,100,12.77
536,Taoudenni,ML,2022-06-12 06:31:58,22.6783,-3.9836,91.53,33,4,14.27
537,Yelan,RU,2022-06-12 06:31:58,50.949,43.7378,73.11,54,10,10.16
538,Kuopio,FI,2022-06-12 06:27:44,62.8924,27.677,62.55,72,0,9.22
539,Marzuq,YE,2022-06-12 06:31:59,14.4,46.4667,94.17,14,12,6.15
540,Orasac,BA,2022-06-12 06:31:59,44.6289,16.0711,67.89,60,0,9.26
541,Scarborough,GB,2022-06-12 06:30:24,54.2797,-0.4044,56.79,80,12,5.01
542,Qasigiannguit,GL,2022-06-12 06:31:59,68.8193,-51.1922,35.85,93,33,2.33
543,Mitsamiouli,KM,2022-06-12 06:32:00,-11.3847,43.2844,79.63,66,2,8.55
544,Terekli-Mekteb,RU,2022-06-12 06:32:00,44.1671,45.8698,83.08,25,0,13.47
545,George Town,MY,2022-06-12 06:30:21,5.4112,100.3354,84.15,79,40,8.05
546,Robertsport,LR,2022-06-12 06:32:01,6.7533,-11.3686,78.21,83,93,4.79
547,Lajkovac,RS,2022-06-12 06:32:01,44.3694,20.1653,67.6,80,98,14.41
548,Sandata,RU,2022-06-12 06:32:02,46.2708,41.7583,85.57,32,0,12.28
549,Padre Bernardo,BR,2022-06-12 06:32:02,-15.35,-48.5,63.34,72,100,3.33
550,Troitsko-Pechorsk,RU,2022-06-12 06:32:02,62.7084,56.1964,59.0,43,18,14.56
551,Zalaszentgrot,HU,2022-06-12 06:32:03,46.9447,17.0792,64.36,60,0,12.91
552,Abatskoye,RU,2022-06-12 06:32:03,56.2875,70.4555,66.47,71,87,11.45
553,Gat,IL,2022-06-12 06:32:03,31.61,34.7642,87.4,100,0,9.53
554,Garowe,SO,2022-06-12 06:32:04,8.4054,48.4845,86.59,44,100,27.81
555,New Waterford,US,2022-06-12 06:32:04,40.8451,-80.6145,64.65,91,100,5.55
556,Ilebo,CD,2022-06-12 06:33:05,-4.3167,20.5833,79.9,46,22,3.67
557,Moshny,UA,2022-06-12 06:33:05,49.5147,31.7476,80.65,43,5,7.38
558,Calama,CL,2022-06-12 06:33:05,-22.4667,-68.9333,34.29,18,0,19.57
559,Tkibuli,GE,2022-06-12 06:33:06,42.3477,42.9981,69.04,42,100,15.9
560,Port Maria,JM,2022-06-12 06:33:06,18.3685,-76.8895,82.36,96,96,6.71
561,Koygorodok,RU,2022-06-12 06:33:07,60.445,50.9968,56.95,50,37,11.25
562,Mitu,CO,2022-06-12 06:29:11,1.1983,-70.1733,69.35,100,100,2.93
563,Lieksa,FI,2022-06-12 06:33:07,63.3167,30.0167,59.52,74,9,11.74
564,Karpathos,GR,2022-06-12 06:33:07,35.507,27.2132,75.16,69,40,21.85
565,Alcacer Do Sal,PT,2022-06-12 06:33:08,38.3733,-8.5144,75.43,49,44,3.04
566,Limburg,NL,2022-06-12 06:30:07,51.25,6.0,63.3,72,10,1.99
567,Jumla,NP,2022-06-12 06:33:08,29.2747,82.1838,71.24,44,98,7.49
568,Nuristan,AF,2022-06-12 06:33:08,35.3,70.8333,57.34,33,97,9.57
569,Maniitsoq,GL,2022-06-12 06:33:09,65.4167,-52.9,38.59,79,0,12.06
570,Rorvik,NO,2022-06-12 06:33:09,64.8621,11.2373,52.57,82,100,7.49
571,Marienburg,PL,2022-06-12 06:33:09,54.0359,19.0266,68.88,66,10,8.52
572,Kinston,US,2022-06-12 06:33:10,35.2627,-77.5816,73.94,94,0,0.0
573,Abnub,EG,2022-06-12 06:33:10,27.2696,31.1511,88.02,25,0,12.82
574,Druskininkai,LT,2022-06-12 06:33:10,54.0167,23.9667,64.85,52,7,4.47
575,Savannah Bight,HN,2022-06-12 06:33:11,16.45,-85.85,80.42,73,100,15.08
576,Fontaine,FR,2022-06-12 06:33:11,45.1984,5.6827,75.06,61,10,1.99
577,Kourou,GF,2022-06-12 06:33:11,5.1552,-52.6478,76.1,90,100,3.4
578,Arvika,SE,2022-06-12 06:33:12,59.6553,12.5852,59.61,56,42,14.05
579,Leo,BF,2022-06-12 06:33:12,11.1,-2.1,76.91,76,73,7.85
580,Nalut,LY,2022-06-12 06:33:12,30.3333,10.85,74.39,38,0,13.53
